create_date,App number,Country,Cost
7/14/2022,28565,PH,"32,00"
7/14/2022,28565,BK,"22,33"
7/14/2022,21807,KZ,"2 708,67"
7/14/2022,21807,UA,"1 804,33"
7/14/2022,21807,PH,"3 642,33"
7/14/2022,21807,BK,"10 475,33"
7/14/2022,28588,BT,"950,00"
7/14/2022,28588,KZ,"3 002,00"
7/14/2022,28588,KO,"429,33"
7/14/2022,28588,PE,"1 709,67"
7/14/2022,28588,PT,"326,00"
7/14/2022,28588,PH,"3 783,67"
7/14/2022,28588,BK,"3 098,00"
7/14/2022,28588,MD,"103,00"
7/14/2022,21276,MD,"1 666,67"
7/14/2022,21511,PL,"757,33"
7/14/2022,21511,PH,"4 192,00"
7/14/2022,21511,BK,"6 486,67"
7/14/2022,21511,CZ,"970,33"
7/14/2022,21511,LT,"895,33"
7/14/2022,28588,KZ,"110,33"
7/14/2022,21588,PH,"1 382,67"
7/14/2022,28875,GE,"471,67"
7/14/2022,28875,KZ,"1 228,00"
7/14/2022,28875,PL,"130,00"
7/14/2022,28875,UA,"925,67"
7/14/2022,28875,BK,"3 975,00"
7/14/2022,28875,MD,"4 235,67"
7/14/2022,25171,UA,"1 614,67"
7/14/2022,25171,PH,"1 665,67"
7/14/2022,25171,BK,"947,00"
7/14/2022,21168,MD,"4 667,67"
7/14/2022,21286,KZ,"4 299,00"
7/14/2022,21286,CL,"344,33"
7/14/2022,21286,PE,"282,67"
7/14/2022,21286,PH,"7 086,33"
7/14/2022,21286,BK,"1 349,33"
7/14/2022,21286,MD,"684,00"
7/14/2022,21875,PH,"1 835,00"
7/14/2022,21875,BK,"1 556,33"
7/14/2022,8118,BK,"606,00"
7/14/2022,21858,PH,"801,33"
7/14/2022,21858,BK,"1 638,00"
7/14/2022,21881,KZ,"930,33"
7/14/2022,21881,UA,"1 128,33"
7/14/2022,21218,KZ,"566,67"
7/14/2022,21218,PH,"1 154,33"
7/14/2022,21815,UA,"574,33"
7/14/2022,21815,PH,"159,67"
7/14/2022,21815,BK,"267,33"
7/14/2022,10501,PH,"161,00"
7/14/2022,25158,PH,"333,67"
7/14/2022,21516,KZ,"9,00"
7/13/2022,28565,PH,"412,00"
7/13/2022,28565,BK,"872,00"
7/13/2022,21807,UA,"951,33"
7/13/2022,21807,PH,"4 682,00"
7/13/2022,21807,BK,"9 193,67"
7/13/2022,28588,BT,"1 495,67"
7/13/2022,28588,KZ,"2 403,67"
7/13/2022,28588,CL,"668,67"
7/13/2022,28588,PE,"1 094,33"
7/13/2022,28588,PT,"2 070,67"
7/13/2022,28588,PH,"3 669,00"
7/13/2022,28588,BK,"3 139,33"
7/13/2022,21276,KZ,"448,33"
7/13/2022,21276,PL,"450,67"
7/13/2022,21276,PH,"1 170,33"
7/13/2022,21276,BK,"2 081,00"
7/13/2022,21276,MD,"824,33"
7/13/2022,21511,KZ,"420,00"
7/13/2022,21511,PH,"5 561,67"
7/13/2022,21511,BK,"5 105,67"
7/13/2022,21511,MD,"256,00"
7/13/2022,21511,CZ,"684,00"
7/13/2022,28588,KZ,"833,33"
7/13/2022,21588,PH,"1 087,33"
7/13/2022,21778,PH,"925,00"
7/13/2022,21778,BK,"1 093,00"
7/13/2022,21170,KZ,"1 568,00"
7/13/2022,21170,PL,"26,67"
7/13/2022,21170,BZ,"189,67"
7/13/2022,21170,PE,"117,00"
7/13/2022,21170,PH,"4 924,00"
7/13/2022,21170,BK,"818,67"
7/13/2022,21170,MD,"86,67"
7/13/2022,21170,LT,"41,67"
7/13/2022,21112,UA,"824,33"
7/13/2022,21112,BK,"1 893,67"
7/13/2022,28875,BT,"721,33"
7/13/2022,28875,GE,"1 666,67"
7/13/2022,28875,KZ,"1 534,33"
7/13/2022,28875,UA,"621,33"
7/13/2022,28875,BK,"3 392,67"
7/13/2022,28875,MD,"2 356,33"
7/13/2022,25171,UA,"304,67"
7/13/2022,25171,PE,"231,67"
7/13/2022,25171,PH,"65,67"
7/13/2022,25171,BK,"293,67"
7/13/2022,21168,KZ,"2 557,67"
7/13/2022,21168,PE,"195,00"
7/13/2022,21168,MD,"4 979,67"
7/13/2022,21286,KZ,"2 916,00"
7/13/2022,21286,PH,"5 698,67"
7/13/2022,21286,BK,"1 345,67"
7/13/2022,21286,MD,"1 048,33"
7/13/2022,21811,BK,"598,00"
7/13/2022,21875,PH,"1 636,67"
7/13/2022,21875,BK,"532,00"
7/13/2022,8118,BK,"638,33"
7/13/2022,28587,MD,"286,00"
7/13/2022,21858,PH,"296,33"
7/13/2022,21858,BK,"836,67"
7/13/2022,21881,UA,"519,67"
7/13/2022,21218,KZ,"16,67"
7/13/2022,21218,PH,"386,67"
7/13/2022,21815,UA,"302,33"
7/13/2022,10501,PH,"351,67"
7/12/2022,28565,UA,"357,67"
7/12/2022,28565,PH,"234,00"
7/12/2022,28565,BK,"801,33"
7/12/2022,21807,PH,"2 951,00"
7/12/2022,21807,BK,"7 177,00"
7/12/2022,28588,BT,"1 366,33"
7/12/2022,28588,KZ,"3 288,00"
7/12/2022,28588,CL,"675,33"
7/12/2022,28588,PE,"714,67"
7/12/2022,28588,PT,"1 033,00"
7/12/2022,28588,PH,"4 023,33"
7/12/2022,28588,BK,"2 527,67"
7/12/2022,21711,KZ,"1 725,00"
7/12/2022,21711,UA,"82,33"
7/12/2022,21711,PH,"5 475,67"
7/12/2022,21711,HU,"815,33"
7/12/2022,21711,BK,"1 829,67"
7/12/2022,21711,MD,"1 343,00"
7/12/2022,21276,KZ,"4 111,33"
7/12/2022,21276,PL,"2 220,67"
7/12/2022,21276,UA,"2 761,00"
7/12/2022,21276,BZ,"1 015,00"
7/12/2022,21276,PE,"2 034,33"
7/12/2022,21276,PH,"13 685,67"
7/12/2022,21276,BK,"3 772,33"
7/12/2022,21276,MD,"3 308,33"
7/12/2022,21276,CZ,"960,00"
7/12/2022,21511,PH,"4 680,33"
7/12/2022,21511,BK,"4 892,00"
7/12/2022,21511,MD,"57,00"
7/12/2022,28588,KZ,"832,33"
7/12/2022,21558,PH,"609,67"
7/12/2022,21588,PH,"1 045,33"
7/12/2022,21778,PH,"1 478,67"
7/12/2022,21778,BK,"1 337,67"
7/12/2022,21170,KZ,"653,33"
7/12/2022,21170,PH,"1 309,33"
7/12/2022,21170,MD,"272,00"
7/12/2022,21112,UA,"985,33"
7/12/2022,21112,BK,"2 741,67"
7/12/2022,28875,KZ,"532,33"
7/12/2022,28875,CL,"474,67"
7/12/2022,28875,PH,"486,33"
7/12/2022,28875,BK,"1 745,00"
7/12/2022,28875,MD,"247,00"
7/12/2022,25171,PH,"710,33"
7/12/2022,25171,BK,"171,00"
7/12/2022,21168,KZ,"1 906,33"
7/12/2022,21168,MD,"1 976,67"
7/12/2022,21286,BT,"833,33"
7/12/2022,21286,GE,"591,33"
7/12/2022,21286,KZ,"1 709,33"
7/12/2022,21286,PH,"1 718,00"
7/12/2022,21286,BK,"671,67"
7/12/2022,21286,MD,"660,00"
7/12/2022,21811,BK,"410,33"
7/12/2022,21875,PH,"729,33"
7/12/2022,8118,UA,"207,67"
7/12/2022,8118,BK,"194,33"
7/12/2022,28587,MD,"1 666,67"
7/12/2022,21858,KZ,"156,67"
7/12/2022,21881,KZ,"320,00"
7/12/2022,21218,KZ,"17,00"
7/12/2022,10501,PH,"8,67"
7/11/2022,21807,PH,"2 378,33"
7/11/2022,21807,BK,"3 446,00"
7/11/2022,28588,BT,"469,00"
7/11/2022,28588,KZ,"4 319,00"
7/11/2022,28588,PE,"1 029,00"
7/11/2022,28588,PT,"589,00"
7/11/2022,28588,PH,"3 317,33"
7/11/2022,28588,BK,"1 688,33"
7/11/2022,28588,SK,"671,00"
7/11/2022,21251,SK,"244,67"
7/11/2022,21711,BT,"437,67"
7/11/2022,21711,KZ,"2 928,33"
7/11/2022,21711,UA,"1 754,67"
7/11/2022,21711,PH,"3 103,67"
7/11/2022,21711,HU,"424,33"
7/11/2022,21711,BK,"5 587,00"
7/11/2022,21711,MD,"4 136,67"
7/11/2022,21711,CZ,"218,33"
7/11/2022,11826,CL,"677,33"
7/11/2022,21276,KZ,"1 319,67"
7/11/2022,21276,UA,"1 286,67"
7/11/2022,21276,BZ,"173,67"
7/11/2022,21276,PE,"764,33"
7/11/2022,21276,PH,"2 185,00"
7/11/2022,21276,BK,"2 963,67"
7/11/2022,21276,MD,"1 616,67"
7/11/2022,21276,CZ,"556,33"
7/11/2022,21511,PH,"2 442,00"
7/11/2022,21511,BK,"2 980,00"
7/11/2022,21511,MD,"139,33"
7/11/2022,28588,KZ,"494,33"
7/11/2022,28588,MD,"335,67"
7/11/2022,21558,PH,"687,33"
7/11/2022,21770,PH,"317,67"
7/11/2022,21555,CL,"679,33"
7/11/2022,21555,PH,"341,00"
7/11/2022,21555,BK,"558,00"
7/11/2022,21588,PH,"960,67"
7/11/2022,21778,PH,"535,33"
7/11/2022,21778,BK,"1 151,33"
7/11/2022,21170,PH,"329,67"
7/11/2022,21112,KZ,"303,67"
7/11/2022,21112,UA,"306,00"
7/11/2022,21112,BK,"296,33"
7/11/2022,28875,KZ,"297,67"
7/11/2022,28875,CL,"421,33"
7/11/2022,28875,PH,"1 467,67"
7/11/2022,28875,BK,"1 186,33"
7/11/2022,25171,PH,"175,67"
7/11/2022,25171,BK,"488,33"
7/11/2022,21286,BT,"597,67"
7/11/2022,21286,GE,"273,33"
7/11/2022,21286,KZ,"116,00"
7/11/2022,21286,PH,"173,33"
7/11/2022,21286,BK,"89,00"
7/11/2022,21286,MD,"157,67"
7/11/2022,21875,PH,"43,67"
7/11/2022,8118,UA,"202,33"
7/11/2022,28587,MD,"369,00"
7/10/2022,28565,UA,"1 023,33"
7/10/2022,28565,BK,"1 471,33"
7/10/2022,21807,PH,"3 335,00"
7/10/2022,21807,BK,"4 806,67"
7/10/2022,28588,KZ,"7 090,33"
7/10/2022,28588,PE,"1 020,67"
7/10/2022,28588,PT,"1 666,67"
7/10/2022,28588,PH,"1 724,33"
7/10/2022,28588,BK,"698,00"
7/10/2022,28588,SK,"671,67"
7/10/2022,21251,SK,"660,33"
7/10/2022,21768,KZ,"514,67"
7/10/2022,21711,BT,"2 185,67"
7/10/2022,21711,KZ,"4 557,33"
7/10/2022,21711,UA,"1 356,00"
7/10/2022,21711,CL,"673,67"
7/10/2022,21711,PT,"745,33"
7/10/2022,21711,PH,"2 560,67"
7/10/2022,21711,BK,"4 874,00"
7/10/2022,21711,MD,"5 012,00"
7/10/2022,21711,CZ,"1 044,00"
7/10/2022,11826,CL,"660,33"
7/10/2022,21276,KZ,"679,67"
7/10/2022,21276,PH,"1 583,67"
7/10/2022,21276,BK,"2 204,00"
7/10/2022,21276,MD,"833,33"
7/10/2022,21511,PE,"454,33"
7/10/2022,21511,PH,"1 967,00"
7/10/2022,21511,BK,"2 195,00"
7/10/2022,21511,MD,"568,67"
7/10/2022,28588,MD,"833,33"
7/10/2022,21558,PH,"671,00"
7/10/2022,21770,PH,"638,33"
7/10/2022,21555,CL,"809,67"
7/10/2022,21555,PH,"884,00"
7/10/2022,21555,BK,"833,33"
7/10/2022,21588,PH,"997,33"
7/10/2022,21778,PH,"1 025,67"
7/10/2022,21778,BK,"443,33"
7/10/2022,21112,KZ,"1 668,33"
7/10/2022,21112,BK,"1 658,33"
7/10/2022,28875,KZ,"772,00"
7/10/2022,28875,PH,"1 358,67"
7/10/2022,28875,MD,"2 045,67"
7/10/2022,25171,PH,"664,33"
7/10/2022,25171,BK,"714,33"
7/10/2022,21286,KZ,"502,67"
7/10/2022,15218,BK,"245,33"
7/9/2022,28565,UA,"986,00"
7/9/2022,28565,BK,"2 477,00"
7/9/2022,21807,PH,"3 682,00"
7/9/2022,21807,BK,"4 138,00"
7/9/2022,28588,KZ,"7 690,00"
7/9/2022,28588,PE,"701,00"
7/9/2022,28588,PH,"3 967,00"
7/9/2022,28588,BK,"1 549,00"
7/9/2022,28588,MD,"132,67"
7/9/2022,28588,SK,"1 261,00"
7/9/2022,21251,SK,"778,33"
7/9/2022,21768,KZ,"665,00"
7/9/2022,21768,PH,"524,67"
7/9/2022,21768,BK,"307,00"
7/9/2022,21711,BT,"1 962,67"
7/9/2022,21711,KZ,"5 868,00"
7/9/2022,21711,UA,"1 569,33"
7/9/2022,21711,CL,"1 297,00"
7/9/2022,21711,PT,"1 666,67"
7/9/2022,21711,PH,"1 896,67"
7/9/2022,21711,BK,"1 518,00"
7/9/2022,21711,MD,"4 094,67"
7/9/2022,21711,CZ,"1 279,00"
7/9/2022,11826,CL,"505,67"
7/9/2022,21585,PH,"607,00"
7/9/2022,21276,KZ,"642,67"
7/9/2022,21276,PH,"1 666,67"
7/9/2022,21276,BK,"3 214,00"
7/9/2022,21276,MD,"858,67"
7/9/2022,21511,PE,"56,00"
7/9/2022,21511,PH,"3 709,67"
7/9/2022,21511,BK,"2 288,00"
7/9/2022,21511,MD,"704,33"
7/9/2022,28588,MD,"1 225,33"
7/9/2022,21558,PH,"799,33"
7/9/2022,21770,PH,"703,67"
7/9/2022,21770,BK,"1 015,33"
7/9/2022,21555,CL,"793,67"
7/9/2022,21555,PH,"949,67"
7/9/2022,21555,BK,"821,00"
7/9/2022,21588,PH,"518,00"
7/9/2022,21778,PH,"1 408,67"
7/9/2022,21778,BK,"820,67"
7/9/2022,21170,KZ,"14,67"
7/9/2022,21112,KZ,"1 831,33"
7/9/2022,21112,BK,"1 949,67"
7/9/2022,28875,KZ,"1 632,67"
7/9/2022,28875,PH,"2 870,67"
7/9/2022,28875,MD,"3 215,67"
7/9/2022,25171,PH,"731,33"
7/9/2022,25171,BK,"756,67"
7/9/2022,21168,PH,"414,00"
7/9/2022,21286,KZ,"777,00"
7/9/2022,15218,BK,"382,00"
7/9/2022,28511,PH,"774,33"
7/9/2022,28511,BK,"688,33"
7/8/2022,28565,UA,"333,33"
7/8/2022,28565,CB,"44,33"
7/8/2022,28565,BK,"3 131,67"
7/8/2022,21807,PH,"5 526,67"
7/8/2022,21807,BK,"3 722,67"
7/8/2022,28510,BK,"8,00"
7/8/2022,28510,MD,"4,33"
7/8/2022,28588,KZ,"5 372,33"
7/8/2022,28588,PE,"1 270,33"
7/8/2022,28588,PT,"774,33"
7/8/2022,28588,PH,"11 046,00"
7/8/2022,28588,HU,"171,33"
7/8/2022,28588,BK,"4 230,00"
7/8/2022,28588,MD,"390,00"
7/8/2022,28588,SK,"906,67"
7/8/2022,21251,PH,"1 352,33"
7/8/2022,21251,BK,"159,00"
7/8/2022,21251,SK,"929,00"
7/8/2022,21768,KZ,"176,33"
7/8/2022,21768,PH,"239,67"
7/8/2022,21768,BK,"80,00"
7/8/2022,21711,BT,"2 703,67"
7/8/2022,21711,KZ,"4 255,67"
7/8/2022,21711,UA,"6 835,00"
7/8/2022,21711,CL,"1 303,00"
7/8/2022,21711,PT,"110,33"
7/8/2022,21711,PH,"5 771,00"
7/8/2022,21711,BK,"7 697,67"
7/8/2022,21711,MD,"4 122,67"
7/8/2022,21711,CZ,"1 215,67"
7/8/2022,11826,CL,"170,67"
7/8/2022,21585,PH,"4 935,00"
7/8/2022,21585,BK,"4 112,00"
7/8/2022,21585,LT,"532,00"
7/8/2022,21276,BT,"590,67"
7/8/2022,21276,GE,"1 332,67"
7/8/2022,21276,KZ,"662,67"
7/8/2022,21276,UA,"833,33"
7/8/2022,21276,PT,"661,00"
7/8/2022,21276,PH,"1 666,67"
7/8/2022,21276,BK,"5 081,33"
7/8/2022,21276,MD,"1 173,00"
7/8/2022,21511,PH,"12 312,67"
7/8/2022,21511,BK,"6 401,67"
7/8/2022,28588,MD,"1 629,33"
7/8/2022,21558,PH,"352,67"
7/8/2022,21770,UA,"379,33"
7/8/2022,21770,PH,"709,67"
7/8/2022,21770,BK,"848,33"
7/8/2022,21555,UA,"437,67"
7/8/2022,21555,CL,"380,33"
7/8/2022,21555,PH,"208,00"
7/8/2022,21555,BK,"422,33"
7/8/2022,21588,PH,"345,67"
7/8/2022,21778,PH,"1 271,00"
7/8/2022,21778,BK,"1 225,67"
7/8/2022,21170,GE,"325,00"
7/8/2022,21170,KZ,"68,00"
7/8/2022,21112,KZ,"674,00"
7/8/2022,21112,UA,"128,33"
7/8/2022,21112,BK,"1 063,00"
7/8/2022,28875,KZ,"2 485,00"
7/8/2022,28875,PH,"2 537,00"
7/8/2022,28875,MD,"856,67"
7/8/2022,25171,PH,"436,33"
7/8/2022,25171,BK,"299,00"
7/8/2022,21168,PH,"273,00"
7/7/2022,21215,PH,"323,33"
7/7/2022,28565,KZ,"520,67"
7/7/2022,28565,CB,"68,00"
7/7/2022,28565,CL,"292,00"
7/7/2022,28565,HU,"895,33"
7/7/2022,28565,BK,"5 555,00"
7/7/2022,28565,MD,"521,33"
7/7/2022,21807,PH,"4 633,67"
7/7/2022,21807,BK,"2 656,33"
7/7/2022,28510,PH,"37,33"
7/7/2022,28510,BK,"124,00"
7/7/2022,28510,MD,"63,67"
7/7/2022,28588,KZ,"5 286,67"
7/7/2022,28588,PE,"661,33"
7/7/2022,28588,PH,"12 462,67"
7/7/2022,28588,HU,"979,67"
7/7/2022,28588,BK,"4 455,67"
7/7/2022,28588,MD,"295,00"
7/7/2022,28588,SK,"1 259,67"
7/7/2022,21251,PH,"1 670,67"
7/7/2022,21251,BK,"5,00"
7/7/2022,21251,SK,"397,00"
7/7/2022,21768,HU,"614,33"
7/7/2022,21768,SK,"247,33"
7/7/2022,21711,BT,"2 322,00"
7/7/2022,21711,KZ,"3 057,00"
7/7/2022,21711,UA,"8 479,33"
7/7/2022,21711,CL,"1 359,67"
7/7/2022,21711,PH,"3 769,00"
7/7/2022,21711,BK,"4 086,00"
7/7/2022,21711,MD,"2 592,67"
7/7/2022,21711,CZ,"1 040,00"
7/7/2022,21585,KZ,"565,67"
7/7/2022,21585,PH,"2 473,33"
7/7/2022,21585,BK,"7 241,67"
7/7/2022,21585,LT,"2 170,33"
7/7/2022,21552,PH,"292,00"
7/7/2022,21276,BT,"949,67"
7/7/2022,21276,GE,"1 608,33"
7/7/2022,21276,KZ,"667,00"
7/7/2022,21276,UA,"833,33"
7/7/2022,21276,PT,"1 189,00"
7/7/2022,21276,PH,"397,33"
7/7/2022,21276,BK,"2 872,67"
7/7/2022,21276,MD,"144,33"
7/7/2022,21511,PH,"7 832,67"
7/7/2022,21511,BK,"4 386,67"
7/7/2022,28588,MD,"1 662,67"
7/7/2022,21558,PH,"100,33"
7/7/2022,21770,UA,"788,00"
7/7/2022,21770,PH,"120,67"
7/7/2022,21555,UA,"655,67"
7/7/2022,21588,PH,"680,00"
7/7/2022,21778,PH,"506,00"
7/7/2022,21778,BK,"785,67"
7/7/2022,21170,GE,"480,67"
7/7/2022,21170,KZ,"177,67"
7/7/2022,21112,KZ,"370,00"
7/7/2022,21112,BK,"381,00"
7/7/2022,28875,KZ,"613,67"
7/7/2022,25171,PH,"47,33"
7/7/2022,25171,BK,"126,00"
7/6/2022,21215,GE,"292,00"
7/6/2022,21215,KZ,"81,67"
7/6/2022,21215,PL,"549,00"
7/6/2022,21215,UA,"218,00"
7/6/2022,21215,PE,"676,00"
7/6/2022,21215,PH,"3 960,33"
7/6/2022,21215,BK,"2 524,00"
7/6/2022,21215,MD,"142,00"
7/6/2022,28565,CB,"789,33"
7/6/2022,28565,CL,"448,33"
7/6/2022,28565,PH,"810,67"
7/6/2022,28565,HU,"605,67"
7/6/2022,28565,BK,"5 010,67"
7/6/2022,21807,PH,"3 730,00"
7/6/2022,21807,BK,"1 818,33"
7/6/2022,21807,SK,"81,33"
7/6/2022,21280,BK,"688,67"
7/6/2022,28510,BT,"7,33"
7/6/2022,28510,KZ,"543,00"
7/6/2022,28510,UA,"2,33"
7/6/2022,28510,PH,"1 804,00"
7/6/2022,28510,BK,"2 880,00"
7/6/2022,28510,MD,"384,00"
7/6/2022,28588,GE,"545,67"
7/6/2022,28588,KZ,"5 653,67"
7/6/2022,28588,PE,"699,00"
7/6/2022,28588,PH,"6 793,33"
7/6/2022,28588,HU,"382,33"
7/6/2022,28588,BK,"3 316,00"
7/6/2022,28588,SK,"659,00"
7/6/2022,21251,PH,"1 901,67"
7/6/2022,21251,BK,"960,33"
7/6/2022,21251,SK,"1 003,67"
7/6/2022,15212,BK,"6,33"
7/6/2022,21888,BK,"426,67"
7/6/2022,21578,UA,"133,00"
7/6/2022,21578,PH,"512,33"
7/6/2022,21578,BK,"292,33"
7/6/2022,21768,HU,"642,00"
7/6/2022,21768,SK,"657,00"
7/6/2022,21711,BT,"639,33"
7/6/2022,21711,KZ,"1 783,33"
7/6/2022,21711,UA,"8 811,33"
7/6/2022,21711,CL,"1 281,67"
7/6/2022,21711,PE,"84,33"
7/6/2022,21711,PH,"586,33"
7/6/2022,21711,BK,"1 518,00"
7/6/2022,21711,MD,"897,00"
7/6/2022,21711,CZ,"954,33"
7/6/2022,21072,BK,"1 632,33"
7/6/2022,25108,PH,"630,00"
7/6/2022,25108,BK,"904,00"
7/6/2022,25017,UA,"3,33"
7/6/2022,21585,KZ,"900,67"
7/6/2022,21585,PH,"4 180,00"
7/6/2022,21585,BK,"5 677,00"
7/6/2022,21585,LT,"1 928,00"
7/6/2022,21552,PH,"197,67"
7/6/2022,21276,BT,"459,67"
7/6/2022,21276,GE,"795,00"
7/6/2022,21276,KZ,"256,33"
7/6/2022,21276,UA,"913,33"
7/6/2022,21276,BK,"2 654,67"
7/6/2022,21276,MD,"106,33"
7/6/2022,21511,PH,"2 356,00"
7/6/2022,21511,BK,"406,33"
7/6/2022,28588,MD,"1 657,67"
7/6/2022,21558,PH,"13,33"
7/6/2022,21770,UA,"516,00"
7/6/2022,21555,UA,"272,33"
7/6/2022,21588,PH,"259,33"
7/6/2022,21778,KZ,"44,00"
7/5/2022,21215,GE,"2 041,33"
7/5/2022,21215,KZ,"682,00"
7/5/2022,21215,PL,"4 289,67"
7/5/2022,21215,UA,"779,00"
7/5/2022,21215,PE,"427,33"
7/5/2022,21215,PH,"8 292,33"
7/5/2022,21215,BK,"5 142,33"
7/5/2022,21215,MD,"1 631,67"
7/5/2022,28565,UA,"62,00"
7/5/2022,28565,CB,"1 151,33"
7/5/2022,28565,PH,"941,67"
7/5/2022,28565,BK,"1 009,67"
7/5/2022,21807,PH,"1 885,00"
7/5/2022,21807,BK,"1 520,33"
7/5/2022,21807,MD,"200,33"
7/5/2022,21280,BK,"1 253,00"
7/5/2022,28510,BT,"966,00"
7/5/2022,28510,KZ,"2 383,33"
7/5/2022,28510,UA,"3 402,67"
7/5/2022,28510,PT,"288,00"
7/5/2022,28510,PH,"4 618,00"
7/5/2022,28510,HU,"833,33"
7/5/2022,28510,BK,"6 066,33"
7/5/2022,28510,MD,"494,00"
7/5/2022,28510,CZ,"454,33"
7/5/2022,28588,KZ,"2 795,33"
7/5/2022,28588,KO,"402,67"
7/5/2022,28588,PT,"364,33"
7/5/2022,28588,PH,"3 519,00"
7/5/2022,28588,BK,"2 098,00"
7/5/2022,28588,SK,"344,33"
7/5/2022,12172,BK,"405,33"
7/5/2022,21222,PT,"1 735,00"
7/5/2022,21222,PH,"593,67"
7/5/2022,21251,PH,"1 703,33"
7/5/2022,21251,BK,"1 256,67"
7/5/2022,21251,SK,"473,00"
7/5/2022,11827,CL,"496,00"
7/5/2022,15212,BK,"66,67"
7/5/2022,21888,KZ,"5 860,33"
7/5/2022,21888,UA,"340,33"
7/5/2022,21888,PH,"3 878,00"
7/5/2022,21888,BK,"18 185,00"
7/5/2022,21888,LT,"52,00"
7/5/2022,21578,UA,"947,67"
7/5/2022,21578,PH,"1 721,00"
7/5/2022,21578,BK,"145,00"
7/5/2022,21768,HU,"218,00"
7/5/2022,21768,SK,"227,33"
7/5/2022,21711,KZ,"281,00"
7/5/2022,21711,UA,"3 338,67"
7/5/2022,21711,CL,"285,00"
7/5/2022,21072,PH,"27,33"
7/5/2022,21072,BK,"2 691,00"
7/5/2022,25108,PH,"997,00"
7/5/2022,25108,BK,"1 274,67"
7/5/2022,25017,UA,"821,33"
7/5/2022,25017,MD,"395,00"
7/5/2022,21585,PH,"2 916,00"
7/5/2022,21585,BK,"1 664,00"
7/5/2022,21552,PH,"225,33"
7/5/2022,21276,UA,"306,33"
7/5/2022,21752,BK,"22,33"
7/5/2022,21511,PH,"370,33"
7/5/2022,21511,BK,"6,33"
7/5/2022,28588,MD,"639,00"
7/4/2022,21215,GE,"280,33"
7/4/2022,21215,KZ,"91,67"
7/4/2022,21215,PL,"5 410,33"
7/4/2022,21215,PE,"518,67"
7/4/2022,21215,PH,"7 242,33"
7/4/2022,21215,BK,"4 066,67"
7/4/2022,21215,MD,"248,67"
7/4/2022,28565,UA,"1 244,33"
7/4/2022,28565,CB,"282,67"
7/4/2022,28565,PH,"431,67"
7/4/2022,28565,BK,"252,33"
7/4/2022,21807,UA,"323,33"
7/4/2022,21807,PH,"2 796,67"
7/4/2022,21807,BK,"729,00"
7/4/2022,21807,MD,"90,67"
7/4/2022,21280,BK,"11,00"
7/4/2022,28510,KZ,"2 364,33"
7/4/2022,28510,UA,"3 210,67"
7/4/2022,28510,PT,"828,67"
7/4/2022,28510,PH,"6 753,67"
7/4/2022,28510,HU,"833,33"
7/4/2022,28510,BK,"5 647,67"
7/4/2022,28510,CZ,"217,33"
7/4/2022,28588,KZ,"692,33"
7/4/2022,28588,KO,"621,67"
7/4/2022,28588,PH,"1 623,33"
7/4/2022,28588,BK,"1 053,67"
7/4/2022,28588,MD,"26,67"
7/4/2022,12172,BK,"785,67"
7/4/2022,21222,PT,"789,33"
7/4/2022,21222,PH,"687,00"
7/4/2022,21251,PH,"1 811,33"
7/4/2022,21251,BK,"1 650,33"
7/4/2022,21251,SK,"3,67"
7/4/2022,11827,CL,"548,33"
7/4/2022,15212,BK,"110,33"
7/4/2022,21888,KZ,"6 644,33"
7/4/2022,21888,PH,"325,67"
7/4/2022,21888,BK,"14 411,00"
7/4/2022,21578,UA,"2 359,67"
7/4/2022,21578,PH,"3 152,33"
7/4/2022,21768,PH,"32,00"
7/4/2022,21768,BK,"15,67"
7/4/2022,21711,UA,"1 610,33"
7/4/2022,21072,PH,"233,33"
7/4/2022,11826,BK,"123,67"
7/4/2022,25108,PH,"480,00"
7/4/2022,25108,BK,"387,00"
7/4/2022,25017,UA,"2 593,00"
7/4/2022,25017,BK,"342,00"
7/4/2022,21585,PH,"326,67"
7/4/2022,21585,BK,"67,67"
7/4/2022,21552,PH,"393,67"
7/4/2022,21276,UA,"255,00"
7/4/2022,15208,PH,"351,33"
7/4/2022,12177,CL,"250,33"
7/4/2022,21752,BK,"60,67"
7/3/2022,21215,PL,"6 073,00"
7/3/2022,21215,UA,"17,00"
7/3/2022,21215,PH,"4 008,33"
7/3/2022,21215,BK,"1 230,67"
7/3/2022,28565,UA,"23,33"
7/3/2022,21807,PH,"1 150,33"
7/3/2022,21280,BK,"184,00"
7/3/2022,28510,BT,"549,33"
7/3/2022,28510,KZ,"62,00"
7/3/2022,28510,KO,"136,67"
7/3/2022,28510,UA,"1 143,33"
7/3/2022,28510,PT,"1 149,00"
7/3/2022,28510,PH,"1 446,00"
7/3/2022,28510,HU,"149,00"
7/3/2022,28510,BK,"953,67"
7/3/2022,28588,PH,"758,00"
7/3/2022,21222,PH,"1 225,67"
7/3/2022,21251,PH,"1 665,67"
7/3/2022,21251,BK,"1 773,67"
7/3/2022,11827,CL,"391,33"
7/3/2022,21888,KZ,"6 666,67"
7/3/2022,21888,BK,"10 112,67"
7/3/2022,21578,UA,"2 909,00"
7/3/2022,21578,PH,"1 860,33"
7/3/2022,21711,UA,"1 308,33"
7/3/2022,11826,BK,"182,33"
7/3/2022,25108,PH,"690,00"
7/3/2022,25017,UA,"3 011,00"
7/3/2022,21585,PH,"664,67"
7/3/2022,21552,PH,"677,67"
7/3/2022,21276,UA,"677,33"
7/3/2022,15208,PH,"668,00"
7/3/2022,12177,CL,"68,33"
7/2/2022,21215,GE,"1,33"
7/2/2022,21215,PL,"3 758,33"
7/2/2022,21215,PE,"7,33"
7/2/2022,21215,PT,"76,00"
7/2/2022,21215,PH,"6 448,33"
7/2/2022,21215,BK,"2 018,33"
7/2/2022,28565,KZ,"245,33"
7/2/2022,28565,PH,"73,00"
7/2/2022,28565,BK,"50,33"
7/2/2022,21807,UA,"229,67"
7/2/2022,21807,PH,"1 362,33"
7/2/2022,21807,BK,"103,00"
7/2/2022,21280,BK,"540,33"
7/2/2022,28510,BT,"1 404,67"
7/2/2022,28510,KZ,"1 074,00"
7/2/2022,28510,KO,"66,00"
7/2/2022,28510,UA,"1 223,67"
7/2/2022,28510,PT,"2 084,67"
7/2/2022,28510,PH,"3 872,00"
7/2/2022,28510,HU,"972,00"
7/2/2022,28510,BK,"2 446,67"
7/2/2022,28588,KZ,"13,67"
7/2/2022,28588,PE,"33,00"
7/2/2022,28588,PH,"2 193,00"
7/2/2022,28588,BK,"304,33"
7/2/2022,28588,SK,"197,33"
7/2/2022,12172,BK,"472,67"
7/2/2022,21222,PH,"1 927,33"
7/2/2022,21251,PH,"1 898,00"
7/2/2022,21251,BK,"1 593,00"
7/2/2022,11827,CL,"681,00"
7/2/2022,15212,BK,"179,00"
7/2/2022,21888,KZ,"4 970,67"
7/2/2022,21888,UA,"386,00"
7/2/2022,21888,CL,"41,00"
7/2/2022,21888,BK,"9 396,67"
7/2/2022,21578,UA,"1 265,33"
7/2/2022,21578,PH,"895,67"
7/2/2022,21768,KZ,"35,33"
7/2/2022,21768,PH,"73,67"
7/2/2022,21711,UA,"620,33"
7/2/2022,21072,GE,"290,00"
7/2/2022,21072,PH,"221,00"
7/2/2022,21072,BK,"7,33"
7/2/2022,11826,BK,"476,33"
7/2/2022,18855,BK,"408,00"
7/2/2022,25108,PH,"760,33"
7/2/2022,25017,UA,"1 545,33"
7/2/2022,21585,PH,"139,67"
7/2/2022,21552,PH,"262,67"
7/2/2022,21276,UA,"620,33"
7/2/2022,15208,PH,"694,67"
7/2/2022,12177,CL,"76,33"
7/1/2022,21215,BT,"252,67"
7/1/2022,21215,GE,"446,00"
7/1/2022,21215,PL,"3 613,00"
7/1/2022,21215,PE,"329,00"
7/1/2022,21215,PH,"18 116,00"
7/1/2022,21215,BK,"2 798,67"
7/1/2022,21215,BK,"526,33"
7/1/2022,21215,MD,"527,33"
7/1/2022,21058,BK,"612,00"
7/1/2022,28565,KZ,"523,33"
7/1/2022,28565,UA,"1 052,67"
7/1/2022,28565,PH,"2 653,33"
7/1/2022,28565,BK,"2 008,67"
7/1/2022,21807,PH,"1 686,33"
7/1/2022,21807,MD,"122,33"
7/1/2022,21280,NO,"543,00"
7/1/2022,21280,BK,"1 948,33"
7/1/2022,21280,MD,"530,67"
7/1/2022,28510,BT,"917,67"
7/1/2022,28510,KZ,"1 489,67"
7/1/2022,28510,KO,"704,67"
7/1/2022,28510,UA,"4 177,33"
7/1/2022,28510,PT,"2 592,67"
7/1/2022,28510,PH,"8 657,67"
7/1/2022,28510,HU,"1 570,33"
7/1/2022,28510,BK,"6 346,00"
7/1/2022,28510,MD,"535,33"
7/1/2022,28588,KZ,"530,33"
7/1/2022,28588,CL,"426,33"
7/1/2022,28588,PE,"499,67"
7/1/2022,28588,PT,"319,00"
7/1/2022,28588,PH,"1 733,33"
7/1/2022,28588,HU,"316,33"
7/1/2022,28588,BK,"1 703,33"
7/1/2022,28588,SK,"145,00"
7/1/2022,12172,BK,"646,00"
7/1/2022,21608,BK,"2 541,00"
7/1/2022,21222,PH,"976,33"
7/1/2022,21251,PH,"1 925,67"
7/1/2022,21251,BK,"529,00"
7/1/2022,11827,CL,"368,00"
7/1/2022,12171,BK,"286,00"
7/1/2022,15212,BK,"591,33"
7/1/2022,21888,KZ,"1 516,33"
7/1/2022,21888,UA,"216,33"
7/1/2022,21888,CB,"222,00"
7/1/2022,21888,CL,"290,33"
7/1/2022,21888,BK,"6 899,00"
7/1/2022,28827,MD,"470,67"
7/1/2022,18857,BK,"158,33"
7/1/2022,21578,UA,"207,67"
7/1/2022,21578,PH,"1 387,33"
7/1/2022,21768,KZ,"313,33"
7/1/2022,21768,PH,"619,33"
7/1/2022,21768,BK,"31,67"
7/1/2022,21766,UA,"51,67"
7/1/2022,21766,PH,"171,33"
7/1/2022,21711,KZ,"297,00"
7/1/2022,21711,UA,"481,33"
7/1/2022,21711,BK,"626,67"
7/1/2022,21072,GE,"250,67"
7/1/2022,21072,PL,"196,00"
7/1/2022,21072,PH,"1 369,33"
7/1/2022,21072,BK,"870,67"
7/1/2022,11826,BK,"298,67"
7/1/2022,18787,BK,"382,67"
7/1/2022,18855,BK,"623,33"
7/1/2022,15205,PH,"485,33"
7/1/2022,25108,KZ,"65,67"
7/1/2022,25108,PH,"230,67"
7/1/2022,21585,PH,"24,00"
7/1/2022,21585,MD,"154,67"
7/1/2022,21552,PH,"26,00"
7/1/2022,21276,UA,"343,67"
7/1/2022,15208,PH,"256,00"
7/1/2022,21585,BR,"24,00"
7/1/2022,21585,BR,"154,67"
7/1/2022,21552,BR,"26,00"
7/1/2022,21276,BR,"343,67"
7/1/2022,15208,BR,"256,00"